{"diff_start_end_all": [4.990773759650775, 6.56587464217574, 3.2444300836251916, 7.082529842044527, 8.646497879765862, 8.168302136369565, 7.5920302546947545, 5.726962605021423, 7.6747472424683, 6.6317332628097265], "mean_error_dev_all": [9.3746094874193826, 10.227317526813266, 12.458746420877288, 9.8613161855413036, 9.0930545232089965, 13.493219751758941, 10.728520379371682, 11.774393307024148, 9.552691889462368, 9.9846530612784239], "mean_error_all": [18.724180066015926, 18.928122458442886, 21.252266085862086, 18.376423362477698, 18.419622829900053, 22.79799382054652, 19.288272175761946, 20.373808461559566, 19.211820356330691, 18.456259128016356]}