{"start_value": [5142.2277762333451, 1041.325705956996, -271.46719141952036], "std_dev_of_dev": 13.493219751758941, "number_of_values": 7594, "mean_deviation": 22.79799382054652}