{"start_value": [4944.8120687235623, 1021.5330966285521, -273.79814813855018], "std_dev_of_dev": 9.3746094874193826, "number_of_values": 7641, "mean_deviation": 18.724180066015926}