{"start_value": [4976.2034984762586, 1409.2434269306618, -276.05104397385401], "std_dev_of_dev": 9.0930545232089965, "number_of_values": 7679, "mean_deviation": 18.419622829900053}