{"start_value": [5295.9879348324002, 664.69157783506284, -270.19347986016487], "std_dev_of_dev": 10.728520379371682, "number_of_values": 7614, "mean_deviation": 19.288272175761946}