{"start_value": [5446.79829665529, 289.64945700530029, -268.59544464228298], "std_dev_of_dev": 11.774393307024148, "number_of_values": 7614, "mean_deviation": 20.373808461559566}