{"start_value": [5107.2142000030235, 650.71297904525659, -272.14370747600481], "std_dev_of_dev": 10.227317526813266, "number_of_values": 7575, "mean_deviation": 18.928122458442886}