{"start_value": [5061.567248259681, 465.0459953590547, -272.59947279703329], "std_dev_of_dev": 9.8613161855413036, "number_of_values": 7547, "mean_deviation": 18.376423362477698}