{"start_value": [5264.993952237015, 278.71028150901316, -269.85283259677374], "std_dev_of_dev": 12.458746420877288, "number_of_values": 7664, "mean_deviation": 21.252266085862086}