{"start_value": [5085.6005070820484, 651.47768512834068, -272.36971767863804], "std_dev_of_dev": 9.9846530612784239, "number_of_values": 7612, "mean_deviation": 18.456259128016356}