{"start_value": [4761.2302326683121, 1397.1310812485299, -277.73141599443909], "std_dev_of_dev": 9.552691889462368, "number_of_values": 7589, "mean_deviation": 19.211820356330691}